,0
0,120.99
1,121.15000000000002
2,121.12
3,121.04
4,121.18
5,121.16
6,121.11
7,120.95
8,120.97
9,120.85
10,120.68
11,120.74
12,120.79
13,120.95
14,121.065
15,121.24500000000002
16,121.18
17,121.18
18,121.3
19,127.29
20,128.12
21,127.76
22,128.08
23,128.255
24,128.17
25,128.16
26,128.05
27,128.2
28,128.32
29,128.61
30,128.795
31,129.35
32,129.21
33,129.35
34,129.28
35,129.25
36,129.04
37,129.77
38,129.99
39,129.8
40,129.99
41,130.42
42,129.91
43,129.76
44,128.85
45,129.26
46,128.78
47,128.76
48,128.73
49,128.51
50,128.685
51,128.455
52,128.35
53,128.3
54,128.0
55,127.855
56,127.98
57,128.23
58,128.28
59,128.245
60,128.14
61,128.22
62,128.25
63,128.13
64,127.94
65,128.125
66,128.2
67,128.16
68,128.29
69,128.49
70,128.5
71,128.28
72,129.02
73,129.04
74,129.05
75,128.79
76,128.71
77,128.78
78,128.57
79,128.46
80,128.42
81,128.53
82,128.49
83,128.46
84,128.445
85,128.42
86,128.47
87,128.375
88,128.45
89,128.5
90,128.49
91,128.58
92,128.68
93,128.85
94,128.87
95,128.915
96,129.07
97,129.78
98,130.11
99,130.28
100,130.45
101,130.22
102,130.12
103,130.23
104,130.21
105,130.05
106,130.04
107,130.2
108,130.18
109,130.21
110,130.43
111,130.42
112,130.32
113,130.18
114,130.185
115,130.15
116,130.15
117,130.21
118,130.3
119,130.11
120,130.19
121,130.27
122,130.31
123,131.04
124,131.075
125,131.545
126,131.74
127,131.92
128,131.845
129,131.94
130,131.96
131,131.88
132,131.84
133,131.86
134,131.91
135,131.895
136,131.51
137,131.77
138,131.83
139,131.89
140,131.77
141,131.61
142,131.43
143,131.255
144,131.41
145,131.57
146,131.57
147,131.54
148,131.51
149,131.63
150,131.36
151,131.59
152,131.43
153,131.5
154,131.48
155,131.52
156,131.5
157,131.47
158,131.43
159,131.6
160,131.56
161,131.54
162,131.51
163,131.58
164,131.63
165,131.63
166,131.68
167,131.725
168,131.7
169,131.77
170,131.76
171,131.89
172,131.98
173,132.13
174,132.04
175,131.76
176,131.43
177,131.19
178,131.44
179,131.52
180,131.54
181,131.59
182,131.85
183,131.8
184,131.86
185,131.86
186,131.84
187,131.87
188,131.88
189,131.88
190,131.96
191,131.995
192,132.065
193,132.21
194,132.195
195,132.225
196,132.36
197,132.35
198,132.255
199,132.35
200,132.4
201,132.77
202,132.74
203,132.46
204,132.275
205,132.48
206,132.24
207,132.29
208,132.215
209,132.27
210,132.37
211,132.31
212,132.22
213,132.19
214,132.44
215,132.47
216,132.38
217,132.46
218,132.47
219,132.47
220,132.39
221,132.24
222,132.23
223,132.25
224,132.18
225,132.2
226,132.1
227,133.7
228,133.6
229,133.74
230,133.62
231,133.66
232,133.55
233,133.37
234,133.61
235,133.71
236,133.71
237,133.74
238,133.735
239,133.745
240,133.65
241,133.585
242,133.63
243,133.52
244,133.58
245,133.62
246,133.43
247,133.43
248,133.36
249,133.55
250,133.52
251,133.525
252,133.3
253,133.62
254,133.57
255,133.67
256,133.85
257,133.61
258,133.73
259,133.99
260,134.23
261,134.09
262,134.29
263,134.22
264,134.27
265,134.43
266,134.65
267,134.9
268,134.68
269,134.765
270,134.91
271,134.84
272,134.9
273,134.97
274,134.86
275,134.83
276,134.945
277,135.06
278,135.01
279,135.69
280,136.17
281,135.51
282,135.4
283,135.48
284,135.24
285,135.23
286,135.32
287,135.06
288,135.09
289,135.03
290,135.07
291,135.08
292,134.95
293,134.73
294,134.95
295,135.07
296,135.11
297,135.13
298,135.22
299,135.29
300,135.26
301,135.27
302,135.35
303,135.48
304,135.51
305,135.36
306,135.14
307,135.18
308,135.12
309,135.28
310,135.05
311,135.17
312,135.22
313,135.165
314,135.2
315,135.18
316,135.45
317,135.445
318,135.24
319,135.26
320,135.26
321,135.2
322,135.24
323,135.345
324,135.285
325,135.165
326,135.24
327,135.325
328,135.12
329,135.25
330,135.35
331,135.27
332,135.6
333,135.47
334,135.55
335,135.355
336,135.28
337,135.235
338,135.27
339,135.35
340,135.39
341,135.45
342,135.4
343,135.37
344,135.39
345,135.43
346,135.47
347,135.49
348,135.53
349,135.48
350,135.55
351,135.54
352,135.51
353,135.45
354,135.38
355,135.425
356,135.72
357,136.36
358,136.21
359,136.28
360,136.26
361,136.46
362,136.43
363,136.49
364,136.2
365,136.225
366,136.31
367,136.22
368,136.25
369,136.26
370,136.27
371,136.27
372,136.47
373,136.38
374,136.38
375,136.49
376,136.51
377,136.51
378,136.56
379,136.58
380,136.68
381,136.67
382,136.67
383,136.18
384,136.34
385,136.54
386,136.47
387,136.51
388,136.46
389,136.65
390,136.85
391,136.97
392,137.11
393,136.82
394,137.07
395,136.76
396,136.73
397,136.64
398,136.39
399,136.34
400,136.45
401,136.65
402,136.6
403,136.525
404,136.67
405,136.68
406,136.7
407,136.66
408,136.57
409,136.75
410,136.77
411,136.7
412,136.77
413,136.79
414,136.82
415,136.78
416,136.71
417,136.56
418,136.52
419,135.9
420,135.83
421,135.35
422,135.47
423,135.73
424,135.79
425,135.92
426,135.96
427,135.9
428,135.85
429,135.845
430,135.99
431,136.17
432,136.16
433,136.05
434,136.09
435,136.155
436,136.15
437,136.07
438,136.04
439,136.08
440,135.99
441,135.99
442,136.1
443,136.34
444,136.64
445,136.67
446,137.08
447,137.24
448,137.35
449,137.25
450,137.05
451,136.99
452,137.0
453,136.9
454,137.0
455,137.01
456,137.08
457,136.99
458,136.98
459,137.14
460,137.16
461,137.08
462,137.07
463,137.035
464,137.03
465,137.06
466,136.98
467,137.03
468,137.06
469,137.01
470,136.93
471,137.04
472,136.94
473,137.27
474,137.3
475,137.26
476,137.22
477,137.12
478,137.29
479,137.31
480,137.29
481,137.04
482,136.83
483,136.96
484,136.98
485,137.13
486,137.07
487,137.18
488,137.21
489,137.09
490,137.0
491,136.97
492,136.99
493,136.99
494,136.88
495,136.72
496,136.98
497,137.94
498,138.14
499,138.41
500,138.54
501,138.64
502,138.93
503,139.24
504,139.67
505,139.56
506,139.67
507,139.96
508,139.79
509,139.87
510,139.81
511,139.815
512,139.83
513,139.87
514,139.76
515,139.73
516,139.89
517,139.99
518,140.1
519,139.93
520,139.98
521,139.99
522,139.76
523,140.0
524,139.88
525,139.7
526,139.87
527,139.75
528,139.69
529,139.49
530,139.56
531,139.4
532,139.6
533,139.62
534,139.45
535,139.49
536,139.6
537,139.28
538,139.2
539,139.06
540,139.06
541,139.18
542,139.17
543,139.155
544,139.14
545,138.95
546,138.97
547,138.8
548,138.97
549,139.19
550,139.13
551,139.28
552,139.09
553,139.0
554,139.01
555,139.08
556,139.13
557,139.01
558,139.17
559,139.28
560,139.3
561,139.43
562,139.47
563,139.6
564,139.58
565,139.58
566,139.67
567,139.69
568,139.47
569,139.56
570,139.62
571,139.67
572,139.68
573,139.675
574,139.77
575,139.41
576,139.28
577,139.04
578,138.83
579,138.92
580,138.68
581,138.83
582,138.73
583,138.61
584,138.705
585,138.62
586,138.7
587,138.75
588,138.85
589,139.19
590,139.24
591,139.2
592,139.29
593,139.27
594,139.31
595,139.39
596,139.33
597,139.41
598,139.27
599,139.49
600,139.32
601,138.81
602,139.09
603,139.34
604,139.82
605,139.84
606,139.74
607,139.68
608,139.64
609,139.74
610,139.69
611,139.51
612,139.46
613,139.57
614,139.58
615,139.68
616,139.73
617,139.58
618,139.51
619,139.53
620,139.63
621,139.61
622,139.69
623,139.6
624,139.48
625,139.33
626,139.49
627,139.26
628,139.6
629,139.32
630,139.5
631,139.51
632,139.7
633,139.65
634,139.66
635,139.37
636,139.19
637,139.15
638,139.17
639,139.31
640,139.24
641,139.36
642,139.29
643,139.345
644,139.34
645,139.29
646,138.96
647,139.03
648,139.1
649,139.14
650,139.12
651,138.93
652,139.01
653,138.03
654,138.44
655,138.43
656,138.48
657,138.5
658,138.65
659,138.68
660,138.62
661,138.6
662,138.63
663,138.6
664,138.47
665,138.56
666,138.5
667,138.55
668,138.45
669,138.37
670,138.3
671,138.04
672,138.11
673,138.04
674,138.28
675,138.44
676,138.49
677,138.6
678,138.645
679,138.92
680,139.05
681,139.21
682,139.035
683,138.88
684,138.98
685,139.15
686,139.26
687,139.26
688,139.18
689,139.17
690,139.21
691,138.96
692,139.03
693,139.01
694,138.9
695,138.985
696,139.05
697,139.1
698,139.17
699,139.185
700,139.19
701,139.2
702,139.23
703,139.19
704,139.15
705,138.915
706,139.1
707,139.06
708,138.96
709,138.91
710,139.06
711,139.06
712,138.93
713,139.0
714,138.98
715,139.17
716,139.01
717,139.05
718,139.12
719,139.29
720,139.23
721,139.19
722,139.26
723,139.3
724,139.33
725,139.32
726,139.23
727,139.26
728,139.24
729,139.26
730,139.18
731,139.57
732,139.43
733,139.25
734,139.12
735,138.9
736,139.04
737,138.93
738,139.04
739,138.93
740,139.205
741,139.0
742,139.1
743,139.1
744,139.04
745,139.14
746,139.07
747,139.03
748,139.01
749,138.96
750,138.95
751,139.02
752,138.96
753,139.06
754,139.06
755,138.97
756,138.98
757,139.17
758,139.26
759,139.33
760,139.32
761,139.25
762,139.22
763,139.28
764,139.425
765,139.48
766,139.51
767,139.47
768,139.86
769,140.1
770,139.95
771,139.93
772,139.88
773,139.88
774,139.91
775,140.25
776,140.16
777,140.14
778,140.32
779,140.49
780,140.63
781,140.695
782,140.45
783,140.83
784,140.78
785,140.64
786,140.43
787,140.47
788,140.54
789,140.425
790,140.37
791,140.43
792,140.58
793,140.57
794,140.77
795,140.72
796,140.805
797,140.66
798,140.62
799,140.7
800,140.65
801,140.72
802,140.72
803,140.63
804,140.5
805,140.45
806,140.42
807,140.58
808,140.67
809,140.71
810,140.58
811,140.56
812,140.52
813,140.55
814,140.65
815,140.57
816,140.58
817,140.58
818,140.61
819,140.64
820,140.66
821,140.62
822,140.75
823,140.82
824,140.86
825,140.82
826,140.73
827,140.93
828,140.88
829,140.85
830,140.76
831,140.67
832,140.39
833,140.03
834,139.9
835,140.62
836,140.73
837,140.84
838,141.23
839,141.09
840,141.08
841,141.215
842,141.24
843,141.225
844,141.07
845,141.2
846,141.08
847,141.18
848,141.1
849,141.165
850,141.21
851,140.97
852,141.0
853,141.13
854,141.08
855,141.01
856,140.9
857,141.08
858,141.26
859,141.31
860,141.48
861,142.69
862,142.71
863,142.445
864,142.28
865,142.22
866,141.99
867,141.62
868,141.45
869,141.13
870,141.45
871,141.2
872,141.11
873,140.96
874,140.565
875,140.48
876,140.615
877,140.35
878,139.97
879,140.13
880,140.17
881,140.19
882,140.46
883,140.45
884,140.58
885,140.25
886,139.85
887,140.77
888,140.42
889,140.27
890,140.28
891,140.59
892,140.77
893,140.97
894,141.365
895,141.36
896,141.11
897,140.91
898,140.96
899,140.95
900,140.99
901,140.86
902,140.77
903,141.08
904,140.87
905,141.09
906,140.95
907,141.05
908,141.19
909,141.1
910,141.13
911,141.17
912,141.47
913,140.8
914,140.76
915,140.69
916,140.87
917,141.13
918,141.14
919,141.23
920,141.27
921,141.29
922,141.32
923,141.39
924,141.46
925,141.24
926,141.18
927,140.79
928,140.73
929,140.87
930,140.85
931,141.07
932,141.16
933,141.3
934,141.14
935,141.02
936,140.9
937,140.68
938,140.93
939,141.61
940,141.53
941,141.37
942,141.33
943,141.37
944,141.52
945,141.57
946,141.46
947,141.48
948,141.42
949,141.21
950,141.37
951,141.37
952,141.29
953,141.12
954,141.105
955,141.02
956,140.77
957,140.86
958,140.92
959,140.84
960,140.67
961,140.61
962,140.74
963,141.06
964,140.73
965,139.42
966,139.89
967,140.04
968,140.14
969,140.47
970,140.35
971,140.2
972,140.48
973,140.54
974,140.58
975,140.61
976,140.81
977,140.83
978,140.98
979,141.1
980,141.06
981,141.0
982,140.98
983,140.82
984,140.78
985,140.82
986,141.03
987,141.06
988,140.91
989,141.11
990,140.88
991,141.25
992,141.07
993,141.28
994,141.35
995,141.6
996,141.84
997,142.42
998,142.24
999,142.39
1000,142.59
1001,142.82
1002,142.82
1003,142.8
1004,142.84
1005,143.02
1006,143.19
1007,143.38
1008,143.53
1009,143.91
1010,143.85
1011,143.85
1012,143.97
1013,143.89
1014,143.91
1015,143.94
1016,143.82
1017,143.7
1018,143.8
1019,143.5
1020,143.575
1021,143.71
1022,143.67
1023,143.62
1024,143.56
1025,143.35
1026,143.55
1027,143.65
1028,143.72
1029,143.68
1030,143.55
1031,143.68
1032,143.85
1033,144.13
1034,144.21
1035,144.06
1036,144.41
1037,144.35
1038,144.33
1039,144.33
1040,144.33
1041,144.22
1042,144.15
1043,144.21
1044,144.08
1045,144.31
1046,144.25
1047,144.15
1048,144.17
1049,144.08
1050,144.06
1051,143.98
1052,143.77
1053,143.7
1054,143.84
1055,143.56
1056,143.74
1057,143.82
1058,143.96
1059,144.1
1060,144.01
1061,143.94
1062,143.97
1063,143.86
1064,143.8
1065,143.91
1066,143.83
1067,143.755
1068,143.93
1069,143.57
1070,143.78
1071,144.13
1072,143.97
1073,143.94
1074,143.98
1075,144.09
1076,143.91
1077,144.02
1078,143.84
1079,143.94
1080,143.97
1081,144.0
1082,144.06
1083,144.01
1084,144.07
1085,143.98
1086,143.73
1087,143.6
1088,143.66
1089,143.71
1090,143.66
1091,143.76
1092,143.85
1093,143.97
1094,143.69
1095,144.05
1096,143.86
1097,143.7
1098,143.97
1099,143.99
1100,143.7
1101,143.52
1102,143.61
1103,143.59
1104,143.39
1105,143.26
1106,143.56
1107,143.56
1108,143.59
1109,143.66
1110,143.64
1111,143.44
1112,143.52
1113,143.52
1114,143.61
1115,143.72
1116,143.7
1117,143.82
1118,143.84
1119,143.81
1120,143.67
1121,143.77
1122,143.69
1123,143.69
1124,144.07
1125,144.12
1126,144.05
1127,144.27
1128,144.33
1129,144.38
1130,144.27
1131,144.37
1132,144.31
1133,144.28
1134,144.16
1135,144.27
1136,144.23
1137,144.36
1138,144.37
1139,144.5
1140,144.705
1141,144.78
1142,144.61
1143,144.6
1144,144.62
1145,144.85
1146,144.76
1147,144.9
1148,144.77
1149,144.78
1150,145.06
1151,145.24
1152,145.29
1153,145.08
1154,144.91
1155,145.29
1156,145.21
1157,145.25
1158,145.19
1159,145.305
1160,145.35
1161,145.31
1162,145.26
1163,145.37
1164,145.43
1165,145.22
1166,145.29
1167,145.21
1168,144.84
1169,144.69
1170,144.37
1171,144.25
1172,144.02
1173,144.19
1174,144.3
1175,143.71
1176,144.06
1177,143.86
1178,144.11
1179,144.17
1180,144.33
1181,144.02
1182,144.07
1183,143.96
1184,144.07
1185,143.89
1186,143.91
1187,144.13
1188,144.21
1189,144.25
1190,144.08
1191,143.98
1192,143.91
1193,143.96
1194,143.56
1195,143.72
1196,143.64
1197,143.8
1198,143.71
1199,143.91
1200,143.43
1201,143.77
1202,143.85
1203,143.94
1204,143.84
1205,143.72
1206,143.75
1207,143.7
1208,143.61
1209,143.8
1210,143.87
1211,143.97
1212,143.98
1213,143.77
1214,143.96
1215,143.93
1216,143.9
1217,143.89
1218,143.77
1219,143.72
1220,143.67
1221,143.67
1222,143.62
1223,143.54
1224,143.36
1225,143.68
1226,143.66
1227,143.51
1228,143.43
1229,143.59
1230,143.47
1231,143.5
1232,143.51
1233,143.19
1234,143.23
1235,143.08
1236,143.28
1237,143.37
1238,143.62
1239,143.64
1240,143.66
1241,143.52
1242,143.45
1243,143.35
1244,143.18
1245,143.29
1246,143.31
1247,143.3
1248,143.19
1249,143.18
1250,143.17
1251,142.23
1252,142.02
1253,141.61
1254,140.95
1255,140.81
1256,141.09
1257,141.09
1258,140.86
1259,141.01
1260,140.83
1261,141.25
1262,141.32
1263,141.33
1264,141.78
1265,141.87
1266,142.0
1267,141.78
1268,141.715
1269,141.69
1270,141.67
1271,141.6
1272,141.86
1273,141.37
1274,141.21
1275,141.2
1276,141.62
1277,141.86
1278,141.79
1279,141.42
1280,141.56
1281,141.48
1282,141.41
1283,141.47
1284,141.515
1285,141.3
1286,141.35
1287,141.46
1288,141.39
1289,141.31
1290,141.14
1291,141.18
1292,141.13
1293,141.58
1294,141.66
1295,141.6
1296,141.61
1297,141.27
1298,141.55
1299,141.44
1300,141.51
1301,141.48
1302,141.7
1303,141.71
1304,141.9859
1305,142.14
1306,142.1
1307,142.19
1308,142.27
1309,142.24
1310,142.3
1311,142.19
1312,142.18
1313,142.03
1314,142.02
1315,142.01
1316,141.92
1317,141.75
1318,141.89
1319,141.82
1320,141.69
1321,141.83
1322,141.9
1323,141.99
1324,142.0
1325,141.84
1326,141.77
1327,141.395
1328,141.09
1329,141.5
1330,141.21
1331,141.32
1332,141.06
1333,141.04
1334,141.12
1335,141.15
1336,141.29
1337,141.18
1338,141.1
1339,141.22
1340,141.29
1341,141.32
1342,141.38
1343,141.35
1344,141.47
1345,141.42
1346,141.42
1347,141.46
1348,141.45
1349,141.53
1350,141.39
1351,141.43
1352,141.64
1353,141.7
1354,141.84
1355,141.59
1356,141.94
1357,141.85
1358,141.75
1359,141.95
1360,141.67
1361,141.77
1362,141.66
1363,141.47
1364,141.35
1365,141.23
1366,141.33
1367,141.4
1368,141.35
1369,141.43
1370,141.43
1371,141.47
1372,141.38
1373,141.36
1374,141.49
1375,141.33
1376,141.34
1377,141.18
1378,141.31
1379,141.365
1380,141.22
1381,141.66
1382,141.79
1383,141.72
1384,141.63
1385,141.69
1386,141.65
1387,141.795
1388,141.92
1389,141.83
1390,141.79
1391,141.35
1392,141.45
1393,141.45
1394,141.46
1395,141.19
1396,141.21
1397,141.04
1398,141.02
1399,140.85
1400,140.92
1401,140.89
1402,140.72
1403,140.74
1404,140.56
1405,140.57
1406,140.66
1407,141.65
1408,141.59
1409,141.8
1410,141.78
1411,141.65
1412,141.81
1413,141.81
1414,141.97
1415,141.99
1416,142.3
1417,142.675
1418,142.68
1419,142.71
1420,142.78
1421,142.7
1422,142.67
1423,142.84
1424,142.84
1425,142.76
1426,142.69
1427,142.665
1428,142.79
1429,142.7
1430,142.75
1431,142.845
1432,142.53
1433,142.55
1434,142.16
1435,142.2
1436,142.37
1437,142.42
1438,142.36
1439,142.18
1440,142.4
1441,142.56
1442,142.44
1443,142.29
1444,142.31
1445,142.41
1446,142.36
1447,142.11
1448,142.22
1449,142.12
1450,142.13
1451,142.05
1452,142.08
1453,142.04
1454,142.02
1455,141.95
1456,141.99
1457,142.11
1458,142.27
1459,143.67
1460,143.84
1461,143.675
1462,143.82
1463,143.54
1464,143.59
1465,143.57
1466,143.5
1467,143.55
1468,143.62
1469,143.76
1470,143.72
1471,143.76
1472,143.78
1473,143.78
1474,143.78
1475,143.79
1476,143.83
1477,143.76
1478,143.8
1479,143.8
1480,143.8
1481,143.81
1482,143.69
1483,143.77
1484,143.6
1485,144.2
1486,144.17
1487,144.19
1488,144.23
1489,144.4
1490,144.4
1491,144.65
1492,144.48
1493,144.62
1494,144.58
1495,144.65
1496,144.61
1497,144.47
1498,144.45
1499,144.6
1500,144.61
1501,144.72
1502,144.72
1503,144.78
1504,144.72
1505,144.75
1506,144.64
1507,144.84
1508,144.8
1509,144.77
1510,144.54
1511,144.43
1512,144.4
1513,144.17
1514,143.99
1515,143.95
1516,144.1
1517,143.87
1518,144.17
1519,144.09
1520,144.04
1521,144.21
1522,144.09
1523,144.06
1524,144.12
1525,144.1
1526,144.14
1527,144.51
1528,144.07
1529,144.27
1530,144.03
1531,144.07
1532,143.92
1533,144.08
1534,143.95
1535,143.73
1536,143.66
1537,143.84
1538,143.59
1539,143.6
1540,143.335
1541,143.46
1542,143.38
1543,143.55
1544,143.42
1545,143.58
1546,143.63
1547,143.66
1548,143.67
1549,143.69
1550,143.88
1551,143.82
1552,143.8
1553,143.75
1554,143.82
1555,143.75
1556,143.67
1557,143.79
1558,143.77
1559,143.7
1560,143.81
1561,143.82
1562,143.77
1563,143.55
1564,143.35
1565,143.51
1566,143.66
1567,143.68
1568,143.82
1569,143.71
1570,143.69
1571,143.83
1572,143.94
1573,144.08
1574,144.12
1575,144.15
1576,144.265
1577,144.09
1578,144.02
1579,143.95
1580,143.88
1581,143.63
1582,143.77
1583,143.65
1584,143.62
1585,143.66
1586,143.53
1587,143.47
1588,143.65
1589,145.25
1590,145.81
1591,145.67
1592,145.7
1593,145.83
1594,146.07
1595,146.24
1596,146.05
1597,146.09
1598,146.23
1599,146.24
1600,146.32
1601,146.62
1602,146.55
1603,146.61
1604,146.73
1605,146.68
1606,146.96
1607,146.93
1608,146.74
1609,146.77
1610,146.72
1611,146.79
1612,146.895
1613,147.0
1614,146.64
1615,147.46
1616,147.39
1617,147.4
1618,147.26
1619,147.47
1620,147.65
1621,147.98
1622,147.91
1623,147.72
1624,147.69
1625,147.68
1626,147.51
1627,147.61
1628,147.4
1629,147.31
1630,147.05
1631,147.07
1632,146.96
1633,147.27
1634,147.26
1635,147.35
1636,147.26
1637,147.42
1638,147.61
1639,147.43
1640,147.49
1641,144.84
1642,145.16
1643,145.27
1644,146.16
1645,146.36
1646,145.95
1647,145.82
1648,146.26
1649,146.12
1650,146.12
1651,146.75
1652,146.96
1653,147.38
1654,147.04
1655,147.03
1656,146.89
1657,146.79
1658,146.99
1659,147.13
1660,147.11
1661,147.42
1662,147.35
1663,147.14
1664,147.25
1665,147.03
1666,147.11
1667,146.165
1668,146.16
1669,146.15
1670,146.35
1671,146.28
1672,146.26
1673,146.42
1674,146.31
1675,146.44
1676,146.2
1677,145.985
1678,146.04
1679,146.19
1680,146.52
1681,146.35
1682,146.43
1683,146.27
1684,146.42
1685,146.48
1686,146.54
1687,146.44
1688,146.37
1689,146.4
1690,146.34
1691,146.49
1692,146.5
1693,147.44
1694,147.65
1695,147.93
1696,147.78
1697,147.72
1698,147.8
1699,148.05
1700,148.08
1701,148.26
1702,148.66
1703,148.83
1704,148.5
1705,148.56
1706,148.53
1707,148.59
1708,148.58
1709,148.58
1710,148.66
1711,148.75
1712,148.68
1713,148.665
1714,148.62
1715,148.62
1716,148.53
1717,148.605
1718,148.95
1719,150.37
1720,150.48
1721,150.74
1722,150.85
1723,151.22
1724,151.18
1725,151.3
1726,151.58
1727,152.05
1728,152.05
1729,152.44
1730,152.9
1731,153.22
1732,152.71
1733,152.84
1734,152.96
1735,153.47
1736,153.5
1737,153.32
1738,153.26
1739,153.14
1740,153.41
1741,153.26
1742,153.1
1743,152.85
1744,153.02
1745,154.29
1746,154.06
1747,154.71
1748,154.37
1749,154.43
1750,154.57
1751,154.4
1752,154.34
1753,154.01
1754,153.95
1755,154.01
1756,154.26
1757,154.41
1758,154.35
1759,154.35
1760,153.96
1761,153.89
1762,153.87
1763,153.73
1764,153.54
1765,153.74
1766,153.72
1767,154.01
1768,153.98
1769,153.71
1770,153.97
1771,153.5
1772,153.02
1773,152.53
1774,152.2
1775,152.81
1776,152.88
1777,153.08
1778,153.32
1779,153.14
1780,153.03
1781,152.95
1782,153.22
1783,153.405
1784,153.37
1785,153.34
1786,153.24
1787,153.39
1788,153.42
1789,153.53
1790,153.46
1791,153.3
1792,153.35
1793,153.25
1794,152.94
1795,153.05
1796,153.22
1797,153.405
1798,152.56
1799,152.81
1800,152.75
1801,152.57
1802,152.45
1803,152.66
1804,152.72
1805,152.63
1806,152.6
1807,152.83
1808,152.87
1809,152.87
1810,152.68
1811,152.89
1812,153.07
1813,153.29
1814,153.3
1815,153.39
1816,153.65
1817,153.45
1818,153.39
1819,153.61
1820,153.615
1821,154.02
1822,153.95
1823,155.73
1824,155.6
1825,156.24
1826,155.8
1827,155.835
1828,155.77
1829,156.13
1830,156.25
1831,156.11
1832,156.12
1833,156.09
1834,156.01
1835,156.07
1836,155.9
1837,155.77
1838,155.85
1839,155.73
1840,155.98
1841,156.08
1842,155.97
1843,156.02
1844,155.99
1845,155.92
1846,155.66
1847,155.93
1848,156.11
1849,156.09
1850,155.69
1851,155.07
1852,155.66
1853,155.8
1854,155.91
1855,155.83
1856,155.42
1857,155.41
1858,155.255
1859,155.32
1860,155.13
1861,155.31
1862,155.18
1863,155.29
1864,155.47
1865,155.31
1866,155.43
1867,155.35
1868,155.21
1869,155.285
1870,155.36
1871,155.42
1872,155.46
1873,155.41
1874,155.69
1875,155.21
1876,155.45
1877,155.34
1878,154.8
1879,154.92
1880,154.95
1881,155.28
1882,155.09
1883,155.23
1884,155.29
1885,155.4
1886,155.33
1887,155.34
1888,155.29
1889,155.26
1890,155.15
1891,155.23
1892,155.16
1893,155.16
1894,155.32
1895,155.34
1896,155.35
1897,155.315
1898,155.3
1899,155.45
1900,155.45
1901,154.06
1902,153.2
1903,152.71
1904,152.52
1905,152.39
1906,150.94
1907,151.54
1908,151.7
1909,152.21
1910,152.32
1911,151.87
1912,151.55
1913,152.07
1914,151.94
1915,151.89
1916,151.72
1917,151.42
1918,151.04
1919,151.02
1920,150.59
1921,150.22
1922,150.43
1923,150.77
1924,150.63
1925,150.15
1926,150.25
1927,151.82
1928,152.32
1929,153.12
1930,153.06
1931,153.07
1932,152.62
1933,152.33
1934,152.66
1935,152.09
1936,151.74
1937,152.02
1938,152.21
1939,152.28
1940,152.22
1941,152.05
1942,152.22
1943,152.38
1944,152.4
1945,152.87
1946,153.01
1947,152.94
1948,152.61
1949,152.74
1950,152.55
1951,152.5
1952,152.49
1953,153.22
1954,153.26
1955,153.51
1956,153.69
1957,153.56
1958,153.82
1959,153.9
1960,153.36
1961,153.35
1962,153.51
1963,153.46
1964,153.5
1965,153.52
1966,153.64
1967,153.58
1968,153.56
1969,153.58
1970,153.58
1971,153.36
1972,153.31
1973,153.42
1974,153.41
1975,152.91
1976,152.86
1977,152.74
1978,153.04
1979,154.39
1980,153.74
1981,153.09
1982,153.37
1983,153.38
1984,153.19
1985,153.39
1986,153.61
1987,153.68
1988,153.66
1989,153.78
1990,153.84
1991,153.86
1992,153.95
1993,154.09
1994,154.08
1995,153.7
1996,153.82
1997,153.64
1998,153.76
1999,153.85
2000,153.86
2001,153.84
2002,153.74
2003,153.95
2004,153.97
2005,153.955
2006,153.86
2007,154.14
2008,154.08
2009,153.9
2010,154.0
2011,154.04
2012,154.09
2013,153.98
2014,153.92
2015,153.84
2016,153.565
2017,153.63
2018,153.55
2019,153.75
2020,153.61
2021,153.43
2022,153.51
2023,153.54
2024,153.56
2025,153.69
2026,153.49
2027,153.51
2028,153.53
2029,153.61
2030,153.77
2031,153.95
2032,153.63
2033,153.18
2034,153.35
2035,153.37
2036,153.15
2037,153.19
2038,153.06
2039,152.91
2040,152.87
2041,152.9
2042,153.16
2043,153.17
2044,153.09
2045,153.16
2046,153.1
2047,153.23
2048,153.19
2049,153.37
2050,153.24
2051,153.16
2052,153.12
2053,152.93
2054,153.2
2055,153.26
2056,153.34
2057,153.16
2058,153.15
2059,153.66
2060,153.5
2061,153.73
2062,153.72
2063,153.93
2064,153.7
2065,153.71
2066,153.74
2067,153.88
2068,153.96
2069,154.08
2070,154.31
2071,154.23
2072,154.17
2073,154.17
2074,154.16
2075,154.08
2076,154.13
2077,154.15
2078,154.17
2079,154.09
2080,153.92
2081,153.89
2082,153.88
2083,153.95
2084,153.91
2085,153.75
2086,153.6
2087,153.81
2088,153.665
2089,153.54
2090,153.62
2091,153.63
2092,153.47
2093,153.76
2094,153.7
2095,153.68
2096,153.59
2097,153.69
2098,153.66
2099,153.61
2100,153.77
2101,153.85
2102,153.77
2103,153.89
2104,153.76
2105,153.69
2106,153.7
2107,153.59
2108,153.59
2109,153.85
2110,153.85
2111,153.47
2112,153.41
2113,153.59
2114,153.7
2115,153.84
2116,153.76
2117,153.82
2118,153.89
2119,154.16
2120,154.33
2121,154.33
2122,154.36
2123,154.26
2124,154.06
2125,154.16
2126,154.13
2127,154.03
2128,154.06
2129,154.03
2130,153.9
2131,153.94
2132,153.94
2133,153.81
2134,153.7
2135,153.97
2136,153.0
2137,152.65
2138,152.65
2139,152.78
2140,152.94
2141,152.96
2142,153.06
2143,153.1
2144,153.19
2145,153.29
2146,153.14
2147,153.19
2148,152.95
2149,153.22
2150,153.01
2151,152.92
2152,152.95
2153,152.51
2154,152.82
2155,152.73
2156,152.69
2157,152.69
2158,152.83
2159,152.77
2160,152.78
2161,153.06
2162,152.845
2163,152.66
2164,152.4
2165,152.56
2166,152.625
2167,152.88
2168,152.82
2169,152.75
2170,152.905
2171,152.85
2172,152.99
2173,152.91
2174,152.96
2175,153.01
2176,153.12
2177,153.03
2178,152.98
2179,152.93
2180,152.8
2181,152.82
2182,152.77
2183,152.88
2184,152.81
2185,152.94
2186,153.05
2187,153.26
2188,153.28
2189,153.56
2190,153.53
2191,153.55
2192,153.67
2193,153.69
2194,153.78
2195,153.82
2196,153.99
2197,154.1
2198,154.58
2199,154.52
2200,154.63
2201,154.94
2202,154.94
2203,155.0
2204,155.1
2205,155.36
2206,155.18
2207,155.175
2208,155.19
2209,155.02
2210,155.05
2211,155.19
2212,155.42
2213,153.81
2214,154.09
2215,153.69
2216,153.85
2217,154.22
2218,153.805
2219,153.98
2220,153.71
2221,153.86
2222,153.82
2223,153.83
2224,153.92
2225,153.89
2226,153.82
2227,153.91
2228,154.0
2229,154.01
2230,153.72
2231,153.795
2232,153.81
2233,153.93
2234,153.77
2235,153.87
2236,153.85
2237,153.82
2238,153.92
2239,154.36
2240,153.96
2241,154.37
2242,154.54
2243,154.66
2244,154.63
2245,154.46
2246,154.28
2247,154.44
2248,154.36
2249,154.36
2250,154.42
2251,154.6
2252,154.71
2253,154.61
2254,154.615
2255,154.57
2256,154.79
2257,154.95
2258,155.13
2259,155.35
2260,155.67
2261,155.59
2262,154.84
2263,154.55
2264,154.45
2265,155.68
2266,155.68
2267,155.75
2268,155.55
2269,155.19
2270,155.24
2271,155.58
2272,155.345
2273,155.34
2274,155.47
2275,155.16
2276,155.09
2277,155.09
2278,154.91
2279,155.09
2280,155.28
2281,155.21
2282,155.22
2283,155.46
2284,155.25
2285,155.26
2286,155.39
2287,155.23
2288,155.28
2289,155.43
2290,155.36
2291,155.02
2292,154.74
2293,154.53
2294,154.61
2295,154.63
2296,154.97
2297,154.98
2298,155.01
2299,155.05
2300,155.13
2301,154.98
2302,154.99
2303,154.91
2304,155.02
2305,155.0
2306,154.73
2307,154.66
2308,154.81
2309,154.74
2310,154.61
2311,154.72
2312,154.62
2313,154.76
2314,154.89
2315,154.89
2316,154.99
2317,154.62
2318,154.85
2319,155.06
2320,155.01
2321,154.78
2322,154.61
2323,154.67
2324,153.82
2325,153.87
2326,153.85
2327,153.17
2328,152.22
2329,151.11
2330,151.35
2331,150.86
2332,150.53
2333,149.62
2334,149.7
2335,149.8
2336,149.58
2337,148.49
2338,147.635
2339,148.8
2340,149.0
2341,147.76
2342,148.63
2343,143.72
2344,143.5
2345,144.02
2346,144.05
2347,144.62
2348,144.91
2349,145.86
2350,145.49
2351,144.97
2352,145.06
2353,144.74
2354,144.14
2355,144.24
2356,143.68
2357,144.08
2358,144.14
2359,143.86
2360,143.49
2361,143.86
2362,143.62
2363,144.51
2364,144.14
2365,144.57
2366,144.25
2367,144.02
2368,145.4
2369,147.07
2370,146.73
2371,146.39
2372,146.22
2373,146.16
2374,145.23
2375,145.61
2376,145.98
2377,146.0
2378,146.09
2379,146.31
2380,146.12
2381,146.43
2382,146.33
2383,146.3
2384,146.35
2385,146.16
2386,146.15
2387,146.16
2388,146.19
2389,146.42
2390,146.39
2391,146.33
2392,146.61
2393,146.68
2394,146.58
2395,146.29
2396,146.65
2397,145.9
2398,145.77
2399,145.92
2400,145.73
2401,145.43
2402,145.57
2403,145.85
2404,146.1
2405,145.64
2406,145.62
2407,145.78
2408,145.51
2409,145.77
2410,145.74
2411,145.81
2412,145.59
2413,145.68
2414,145.58
2415,145.0
2416,144.76
2417,144.0
2418,144.42
2419,144.78
2420,145.15
2421,143.19
2422,143.86
2423,143.4
2424,142.61
2425,142.96
2426,143.21
2427,143.39
2428,143.42
2429,143.31
2430,143.11
2431,143.13
2432,143.41
2433,143.5
2434,143.74
2435,143.97
2436,143.66
2437,143.59
2438,143.69
2439,143.82
2440,143.95
2441,143.84
2442,143.74
2443,143.91
2444,144.38
2445,143.78
2446,144.29
2447,143.76
2448,144.34
2449,143.91
2450,143.68
2451,143.62
2452,143.18
2453,143.04
2454,143.38
2455,143.41
2456,143.37
2457,143.42
2458,143.37
2459,143.37
2460,143.02
2461,142.83
2462,142.91
2463,142.98
2464,143.24
2465,143.4
2466,143.25
2467,143.045
2468,142.95
2469,142.79
2470,142.625
2471,142.46
2472,142.25
2473,144.62
2474,144.92
2475,145.87
2476,145.95
2477,146.07
2478,145.87
2479,145.93
2480,145.94
2481,145.88
2482,145.79
2483,145.73
2484,145.86
2485,145.745
2486,145.94
2487,146.13
2488,146.35
2489,146.545
2490,146.55
2491,146.42
2492,146.31
2493,146.18
2494,146.05
2495,146.0
2496,146.06
2497,146.34
2498,146.39
2499,146.0
2500,145.37
2501,145.44
2502,145.38
2503,145.77
2504,145.91
2505,145.51
2506,145.09
2507,145.32
2508,145.41
2509,145.7
2510,145.16
2511,145.23
2512,145.29
2513,145.19
2514,145.3
2515,145.37
2516,145.53
2517,145.58
2518,145.445
2519,145.33
2520,145.5
2521,145.78
2522,145.52
2523,145.1
2524,145.0
2525,145.01
2526,144.77
2527,145.17
2528,145.13
2529,145.7
2530,145.58
2531,145.21
2532,145.45
2533,145.6
2534,145.73
2535,145.37
2536,145.46
2537,145.41
2538,145.4
2539,145.51
2540,145.49
2541,145.5
2542,145.47
2543,145.49
2544,145.53
2545,145.9
2546,145.79
2547,145.85
2548,146.02
2549,146.01
2550,145.88
2551,145.42
2552,145.31
2553,145.49
2554,145.27
2555,145.43
2556,145.53
2557,145.44
2558,145.42
2559,145.2
2560,145.38
2561,145.38
2562,145.55
2563,145.7
2564,146.36
2565,146.45
2566,146.32
2567,146.39
2568,146.41
2569,146.47
2570,146.33
2571,146.37
2572,146.31
2573,146.07
2574,146.07
2575,145.77
2576,145.63
2577,145.5
2578,145.8
2579,145.6
2580,145.72
2581,146.12
2582,146.11
2583,146.18
2584,146.33
2585,146.35
2586,146.86
2587,146.65
2588,146.88
2589,146.98
2590,146.9
2591,146.78
2592,146.86
2593,147.05
2594,147.015
2595,147.0
2596,146.86
2597,146.61
2598,146.69
2599,146.43
2600,146.31
2601,146.63
2602,146.29
2603,148.17
2604,147.95
2605,147.31
2606,147.47
2607,146.65
2608,146.5
2609,146.015
2610,145.84
2611,145.92
2612,145.87
2613,145.82
2614,145.7
2615,146.4
2616,146.34
2617,146.11
2618,146.3
2619,146.175
2620,146.21
2621,145.98
2622,145.845
2623,145.92999999999998
2624,145.92999999999998
2625,146.04
2626,145.97
2627,145.87
2628,145.8
2629,145.44
2630,145.33
2631,145.725
2632,145.52
2633,146.03
2634,145.83
2635,145.78
2636,145.69
2637,145.75
2638,145.64
2639,145.9
2640,145.76
2641,145.26
2642,145.08
2643,144.84
2644,145.05
2645,144.39
2646,144.48
2647,144.28
2648,144.52
2649,144.37
2650,144.55
2651,144.59
2652,144.34
2653,144.28
2654,143.77
2655,144.26
2656,143.56
2657,143.7
2658,144.09
2659,144.95
2660,145.01
2661,144.9
2662,144.89
2663,144.93
2664,145.09
2665,145.07
2666,145.07
2667,145.69
2668,145.67
2669,145.68
2670,145.97
2671,145.905
2672,145.47
2673,145.56
2674,145.55
2675,145.81
2676,145.84
2677,145.81
2678,145.99
2679,145.99
2680,145.86
2681,144.36
2682,144.39
2683,144.15
2684,144.39
2685,144.68
2686,144.30999999999997
2687,143.865
2688,143.58
2689,143.6
2690,143.2
2691,143.74
2692,143.5
2693,143.45
2694,142.84
2695,142.89
2696,142.55
2697,142.88
2698,142.46
2699,143.0
2700,142.91
2701,143.07
2702,143.05
2703,143.28
2704,143.43
2705,143.88
2706,143.68
2707,144.46
2708,144.43
2709,144.06
2710,144.39
2711,144.08
2712,144.34
2713,144.39
2714,144.24
2715,144.29999999999998
2716,144.69
2717,144.62
2718,144.61
2719,144.46
2720,144.21
2721,144.44
2722,144.49
2723,144.6
2724,144.52
2725,144.44
2726,144.54
2727,144.58
2728,144.71
2729,144.55
2730,144.66
2731,144.67
2732,144.04
2733,144.99
2734,144.77
2735,144.63
2736,144.16
2737,143.93
2738,143.76
2739,143.61
2740,143.96
2741,143.9
2742,144.05
2743,143.5
2744,143.69
2745,143.39
2746,143.5
2747,143.5
2748,144.02
2749,143.66
2750,143.24
2751,143.12
2752,143.735
2753,143.49
2754,143.625
2755,143.8
2756,143.65
2757,144.14
2758,144.43
2759,144.64
2760,144.43
2761,144.59
2762,144.46
2763,144.26
2764,144.26
2765,144.19
2766,143.98
2767,144.22
2768,144.45
2769,144.19
2770,143.97
2771,144.08
2772,144.35
2773,144.09
2774,143.04
2775,142.78
2776,142.88
2777,142.73
2778,142.78
2779,142.64
2780,142.73
2781,142.89
2782,143.18
2783,142.98
2784,142.77
2785,142.69999999999996
2786,143.2
2787,143.16
2788,143.08
2789,143.13
2790,142.85
2791,142.86
2792,142.77
2793,142.89
2794,142.67
2795,142.83
2796,142.57
2797,142.78
2798,142.6
2799,142.72
2800,143.59
2801,144.02
2802,144.08
2803,143.8
2804,144.0
2805,143.84
2806,143.86
2807,143.98
2808,144.12
2809,144.15
2810,144.215
2811,144.2
2812,144.17
2813,144.24
2814,144.24
2815,144.62
2816,144.72
2817,144.66
2818,144.43
2819,144.21
2820,144.25
2821,144.5
2822,144.11
2823,144.42
2824,144.45
2825,144.15
2826,144.18
2827,143.48
2828,143.8
2829,143.81
2830,144.155
2831,144.85
2832,144.96
2833,144.72
2834,144.89
2835,144.85
2836,145.01
2837,145.21
2838,145.34
2839,145.49
2840,145.58
2841,145.52
2842,145.58
2843,145.87
2844,145.85
2845,145.72
2846,145.76
2847,145.65
2848,145.585
2849,145.5
2850,145.37
2851,145.12
2852,144.75
2853,144.84
2854,145.15
2855,145.57
2856,145.51
2857,145.34
2858,145.09
2859,144.75
2860,144.96
2861,145.11
2862,144.99
2863,144.91
2864,145.05
2865,145.11
2866,145.21
2867,145.27
2868,145.65
2869,145.64
2870,145.7
2871,145.65
2872,145.54
2873,145.46
2874,145.71
2875,145.52
2876,145.71
2877,145.55
2878,145.65
2879,145.29
2880,145.14
2881,145.27
2882,145.05
2883,144.9
2884,145.32
2885,145.36
2886,145.22
2887,145.18
2888,145.0
2889,145.24
2890,145.22
2891,145.26
2892,145.09
2893,145.24
2894,145.45
2895,145.59
2896,145.57
2897,145.69
2898,145.76
2899,145.88
2900,146.01
2901,145.89
2902,145.98
2903,145.77
2904,146.35
2905,147.01
2906,147.14
2907,146.71
2908,146.73
2909,147.14
2910,147.01
2911,146.82
2912,146.96
2913,147.505
2914,147.715
2915,148.01
2916,148.14
2917,148.36
2918,148.27
2919,148.38
2920,148.29
2921,147.97
2922,147.96
2923,147.94
2924,147.99
2925,147.82
2926,147.73
2927,147.75
2928,147.89
2929,147.82
2930,147.95
2931,147.46
2932,147.63
2933,147.69
2934,147.52
2935,147.61
2936,147.69
2937,147.7
2938,147.73
2939,147.78
2940,147.99
2941,148.47
2942,148.62
2943,148.7
2944,148.68
2945,148.76
2946,148.9
2947,149.01
2948,149.06
2949,148.99
2950,148.965
2951,148.87
2952,148.89
2953,149.02
2954,149.285
2955,149.1
2956,149.66
2957,150.62
2958,150.62
2959,150.24
2960,150.27
2961,150.0
2962,149.99
2963,150.065
2964,149.9
2965,149.6
2966,149.91
2967,149.87
2968,149.95
2969,150.09
2970,150.06
2971,149.975
2972,149.915
2973,149.69
2974,149.52
2975,149.54
2976,149.65
2977,149.64
2978,149.67
2979,149.63
2980,149.81
2981,149.6
2982,149.11
2983,148.84
2984,149.04
2985,149.24
2986,148.73
2987,149.23
2988,149.02
2989,149.17
2990,149.31
2991,149.29
2992,149.13
2993,149.22
2994,149.32
2995,149.68
2996,149.72
2997,149.88
2998,149.97
2999,149.87
3000,149.74
3001,149.55
3002,149.74
3003,149.62
3004,149.77
3005,149.86
3006,149.93
3007,150.03
3008,150.83
3009,150.65
3010,150.48
3011,150.51
3012,150.35
3013,150.41
3014,150.65
3015,150.55
3016,150.61
3017,150.73
3018,150.72
3019,150.78
3020,150.83
3021,151.01
3022,151.26
3023,151.12
3024,151.02
3025,151.045
3026,151.19
3027,151.29
3028,151.17
3029,151.06
3030,150.97
3031,151.03
3032,150.9
3033,150.89
3034,151.08
3035,151.1
3036,150.83
3037,150.96
3038,150.475
3039,150.55
3040,150.71
3041,150.55
3042,150.62
3043,150.7
3044,150.98
3045,150.97
3046,150.93
3047,150.78
3048,150.6
3049,150.77
3050,150.83
3051,150.89
3052,150.85
3053,150.72
3054,150.51
3055,150.56
3056,150.77
3057,150.76
3058,150.85
3059,150.37
3060,149.87
3061,149.54
3062,149.645
3063,149.64
3064,149.89
3065,149.69
3066,149.87
3067,149.94
3068,149.89
3069,149.94
3070,150.12
3071,150.1
3072,150.14
3073,150.32
3074,150.21
3075,150.16
3076,150.12
3077,150.09
3078,150.03
3079,150.02
3080,150.01
3081,150.05
3082,149.98
3083,150.02
3084,150.17
3085,150.3
3086,150.15
3087,150.55
3088,151.18
3089,151.04
3090,151.28
3091,151.11
3092,151.0
3093,151.01
3094,151.29
3095,151.28
3096,151.6
3097,151.7
3098,151.87
3099,151.87
3100,151.95
3101,151.98
3102,151.85
3103,151.76
3104,151.67
3105,151.61
3106,151.71
3107,151.82
3108,151.88
3109,152.12
3110,152.36
3111,152.11
3112,153.41
3113,153.6
3114,153.37
3115,153.48
3116,153.31
3117,153.29
3118,153.43
3119,153.48
3120,153.76
3121,153.68
3122,153.41
3123,153.35
3124,153.5
3125,153.4
3126,153.455
3127,153.44
3128,153.3
3129,153.21
3130,153.16
3131,153.04
3132,153.02
3133,153.07
3134,153.07
3135,153.05
3136,152.83
3137,152.76
3138,153.25
3139,153.43
3140,153.71
3141,153.62
3142,153.32
3143,153.18
3144,153.52
3145,153.42
3146,153.405
3147,153.46
3148,153.61
3149,153.66
3150,153.56
3151,153.61
3152,153.49
3153,153.47
3154,153.55
3155,153.42
3156,153.655
3157,153.78
3158,153.67
3159,153.56
3160,153.61
3161,153.49
3162,153.44
3163,153.53
3164,153.35
3165,153.0
3166,153.43
3167,153.6
3168,153.69
3169,153.54
3170,153.19
3171,153.27
3172,153.41
3173,153.32
3174,153.37
3175,153.17
3176,151.94
3177,150.8
3178,150.51
3179,149.28
3180,149.2
3181,149.53
3182,149.73
3183,149.87
3184,149.3
3185,150.04
3186,149.84
3187,149.97
3188,150.03
3189,150.49
3190,150.08
3191,149.46
3192,150.01
3193,149.76
3194,149.91
3195,149.64
3196,149.73
3197,149.59
3198,149.56
3199,149.74
3200,149.99
3201,149.89
3202,149.94
3203,150.03
3204,149.92
3205,149.99
3206,150.04
3207,149.87
3208,149.88
3209,149.94
3210,149.865
3211,149.84
3212,149.77
3213,149.43
3214,149.43
3215,149.49
3216,150.17
3217,149.38
3218,149.04
3219,148.65
3220,148.59
3221,148.79
3222,148.65
3223,148.69
3224,148.99
3225,148.81
3226,148.61
3227,148.82
3228,148.87
3229,148.77
3230,148.42
3231,148.58
3232,148.39
3233,148.39
3234,148.36
3235,148.7
3236,148.51
3237,148.52
3238,148.77
3239,148.9
3240,148.98
3241,148.78
3242,149.27
3243,148.79
3244,148.94
3245,148.82
3246,149.09
3247,149.24
3248,148.95
3249,148.59
3250,148.83
3251,148.97
3252,148.9
3253,148.8
3254,148.89
3255,149.04
3256,149.02
3257,148.98
3258,148.98
3259,149.03
3260,149.05
3261,149.25
3262,149.2
3263,149.32
3264,149.15
3265,149.28
3266,149.76
3267,150.04
3268,158.47
3269,157.895
3270,157.92
3271,156.45
3272,156.44
3273,156.98
3274,156.75
3275,157.25
3276,157.79
3277,157.78
3278,157.7
3279,157.57
3280,157.25
3281,157.14
3282,156.84
3283,156.96
3284,157.24
3285,157.37
3286,157.62
3287,157.77
3288,157.93
3289,157.89
3290,158.02
3291,158.06
3292,157.76
3293,157.15
3294,156.68
3295,156.24
3296,155.43
3297,155.87
3298,155.99
3299,156.19
3300,156.56
3301,156.29
3302,156.09
3303,155.96
3304,155.81
3305,156.1
3306,155.89
3307,155.91
3308,155.6
3309,155.44
3310,155.49
3311,155.8
3312,155.79
3313,155.76
3314,155.56
3315,155.52
3316,155.68
3317,155.85
3318,155.43
3319,155.53
3320,157.11
3321,156.7
3322,156.545
3323,157.13
3324,156.66
3325,156.4
3326,156.43
3327,156.83
3328,156.76
3329,156.46
3330,156.25
3331,156.21
3332,155.9
3333,156.1
3334,155.88
3335,155.9
3336,156.11
3337,156.17
3338,156.22
3339,155.98
3340,155.98
3341,156.01
3342,156.23
3343,156.18
3344,156.03
3345,156.35
3346,157.15
3347,157.42
3348,157.43
3349,157.54
3350,157.5
3351,157.54
3352,157.65
3353,157.84
3354,157.8
3355,158.03
3356,158.12
3357,157.94
3358,157.71
3359,157.94
3360,157.94
3361,157.93
3362,157.9
3363,157.95
3364,157.98
3365,158.11
3366,158.36
3367,158.3
3368,158.43
3369,158.92
3370,158.715
3371,158.8
3372,158.615
3373,159.42
3374,159.93
3375,160.16
3376,160.86
3377,161.17
3378,161.23
3379,161.17
3380,161.6
3381,161.46
3382,161.59
3383,161.44
3384,161.24
3385,161.2
3386,161.06
3387,160.86
3388,161.04
3389,161.18
3390,161.18
3391,161.09
3392,161.07
3393,161.21
3394,161.05
3395,160.37
3396,159.93
3397,160.1
3398,159.6
3399,160.31
3400,160.1
3401,160.4
3402,160.7
3403,160.635
3404,160.24
3405,160.07
3406,160.12
3407,160.73
3408,160.49
3409,160.54
3410,160.44
3411,160.31
3412,160.87
3413,160.62
3414,160.83
3415,161.205
3416,160.82
3417,160.78
3418,160.63
3419,160.64
3420,160.505
3421,160.71
3422,160.88
3423,161.08
3424,159.19
3425,158.99
3426,158.5
3427,158.99
3428,159.14
3429,159.11
3430,158.87
3431,158.38
3432,157.73
3433,157.48
3434,157.83
3435,157.21
3436,156.95
3437,156.85
3438,156.84
3439,157.36
3440,156.86
3441,156.82
3442,157.06
3443,157.15
3444,156.86
3445,156.96
3446,156.49
3447,156.1
3448,155.4
3449,155.3
3450,157.02
3451,157.81
3452,158.15
3453,157.53
3454,157.58
3455,157.46
3456,157.6
3457,157.19
3458,157.65
3459,157.62
3460,157.73
3461,157.71
3462,157.93
3463,157.805
3464,157.94
3465,157.6
3466,157.73
3467,157.93
3468,158.09
3469,158.24
3470,157.71
3471,157.23
3472,157.09
3473,157.22
3474,157.28
3475,157.48
3476,159.14
3477,159.27
3478,159.23
3479,159.25
3480,159.42
3481,159.53
3482,159.3
3483,159.44
3484,159.25
3485,159.32
3486,159.14
3487,159.14
3488,159.18
3489,159.35
3490,159.42
3491,159.91
3492,159.9
3493,159.89
3494,159.98
3495,159.91
3496,159.97
3497,159.6
3498,159.68
3499,159.85
3500,159.8
3501,159.8
3502,160.58
3503,160.74
3504,160.69
3505,161.0
3506,161.29
3507,161.205
3508,161.28
3509,161.45
3510,161.63
3511,161.28
3512,161.56
3513,161.53000000000003
3514,161.81
3515,162.16
3516,162.185
3517,161.98
3518,161.72
3519,161.63
3520,161.84
3521,161.82
3522,161.67
3523,161.66
3524,161.85
3525,161.78
3526,161.88
3527,161.62
3528,161.39
3529,161.43
3530,161.2
3531,161.7
3532,161.85
3533,162.23
3534,161.94
3535,161.84
3536,162.02
3537,162.02
3538,162.3
3539,162.39
3540,162.15
3541,161.73
3542,161.13
3543,161.1
3544,160.89
3545,160.88
3546,161.2
3547,160.55
3548,160.52999999999997
3549,160.76
3550,160.82
3551,160.81000000000003
3552,160.94
3553,160.94
3554,160.35
3555,159.83
3556,159.07
3557,158.97999999999996
3558,159.0
3559,159.06
3560,159.49
3561,159.36
3562,159.26000000000002
3563,159.28
3564,158.99
3565,159.12
3566,158.87
3567,158.7
3568,158.48
3569,158.87
3570,159.01
3571,159.08
3572,159.03
3573,158.83
3574,158.67
3575,158.79
3576,158.13
3577,158.12
3578,158.15
3579,157.895
3580,157.88
3581,156.89
3582,157.95
3583,157.99000000000004
3584,158.28
3585,158.11
3586,157.96
3587,158.68
3588,158.83
3589,159.23
3590,158.97
3591,159.03
3592,159.14999999999998
3593,159.16
3594,158.99
3595,159.06
3596,158.59
3597,158.2
3598,158.4
3599,158.44
3600,158.25999999999996
3601,158.09
3602,158.07
3603,157.94
3604,158.02
3605,157.53999999999996
3606,157.7
3607,156.91
3608,155.78
3609,155.68
3610,155.59
3611,155.84
3612,156.22
3613,156.4
3614,157.09
3615,156.91
3616,156.94
3617,157.29
3618,157.09
3619,157.23
3620,157.03
3621,156.88000000000002
3622,156.89
3623,156.58
3624,156.615
3625,156.72
3626,156.76
3627,156.75
3628,156.28
3629,156.74
3630,156.94
3631,157.16
3632,159.1
3633,158.9
3634,159.45
3635,159.36
3636,159.22
3637,159.48500000000004
3638,159.56
3639,159.58
3640,159.76
3641,159.81
3642,159.97
3643,159.76
3644,159.66
3645,159.71
3646,159.85
3647,159.78
3648,159.71
3649,159.58
3650,159.72
3651,159.86
3652,159.91
3653,159.81
3654,159.8
3655,159.72
3656,159.825
3657,159.77
3658,159.45
3659,160.18
3660,159.64
3661,159.83
3662,159.84
3663,159.8
3664,159.75
3665,160.185
3666,160.04
3667,160.32
3668,160.4
3669,160.03
3670,160.08
3671,159.85
3672,159.63
3673,159.53
3674,159.64
3675,159.58
3676,160.02
3677,159.87000000000003
3678,160.07
3679,160.13
3680,159.96
3681,160.06
3682,160.13999999999996
3683,159.96
3684,159.8
3685,159.4
3686,159.69
3687,159.73
3688,160.01
3689,159.76
3690,159.38
3691,158.92
3692,159.0
3693,159.07
3694,159.075
3695,159.04000000000002
3696,159.05
3697,159.16
3698,159.36
3699,159.54
3700,159.29
3701,159.43000000000004
3702,159.04000000000002
3703,159.22
3704,159.36
3705,159.49
3706,159.32
3707,159.43000000000004
3708,159.34
3709,159.31
3710,160.19
3711,160.15
3712,160.4
3713,160.42000000000002
3714,160.30999999999997
3715,159.77
3716,159.55
3717,159.5
3718,159.74
3719,159.65000000000003
3720,159.57
3721,159.58
3722,159.56
3723,159.82
3724,160.03
3725,159.93
3726,160.0
3727,160.0
3728,160.1
3729,160.19
3730,160.13999999999996
3731,160.06
3732,160.15
3733,160.1
3734,159.98000000000002
3735,159.86
3736,160.51
3737,160.6
3738,161.45
3739,161.2
3740,161.75000000000003
3741,161.77
3742,161.93
3743,161.78
3744,161.63
3745,161.62
3746,161.56
3747,161.22
3748,161.09
3749,161.16
3750,161.09
3751,161.12
3752,161.3
3753,161.54
3754,161.61
3755,161.56
3756,161.53000000000003
3757,161.46999999999997
3758,161.23
3759,161.37
3760,161.39
3761,161.48
3762,160.46
3763,161.44
3764,161.26
3765,161.81
3766,162.40999999999997
3767,162.22
3768,162.73
3769,162.65
3770,162.79
3771,162.84
3772,162.52
3773,162.43
3774,162.3
3775,162.3
3776,162.33
3777,162.37
3778,162.57
3779,162.37
3780,162.43
3781,162.47000000000003
3782,162.76
3783,162.8
3784,162.85
3785,162.99
3786,163.02
3787,162.92
3788,163.37
3789,163.39
3790,163.28
3791,163.43
3792,162.86000000000004
3793,163.34
3794,163.01
3795,163.09
3796,163.21
3797,163.2
3798,162.925
3799,162.77
3800,162.82
3801,162.81
3802,163.26
3803,163.25
3804,163.23
3805,163.47
3806,163.37
3807,163.42
3808,163.23
3809,163.33
3810,163.18
3811,163.32
3812,162.96
3813,163.34
3814,163.98
3815,163.96
3816,163.82
3817,163.78
3818,163.68
3819,163.73
3820,163.88
3821,163.81
3822,163.83
3823,163.93
3824,164.42
3825,164.38
3826,164.34
3827,164.05
3828,164.09
3829,163.98
3830,163.93
3831,163.94
3832,163.83
3833,163.86
3834,164.04
3835,164.1
3836,164.025
3837,164.06
3838,164.2
3839,164.05
3840,164.605
3841,164.0
3842,164.23
3843,164.11
3844,164.01
3845,164.11
3846,164.32
3847,164.01
3848,164.08
3849,164.19
3850,164.15
3851,164.05
3852,163.99
3853,163.96
3854,163.98
3855,163.87
3856,163.87
3857,163.83
3858,163.9
3859,163.89
3860,163.88
3861,163.92
3862,163.93
3863,164.12
3864,164.08
3865,164.04
3866,163.76
3867,164.06999999999996
3868,163.92
3869,163.95
3870,163.74
3871,163.65
3872,163.39
3873,162.95
3874,163.12
3875,162.89
3876,161.62
3877,161.55
3878,161.16
3879,161.19
3880,160.81000000000003
3881,161.39
3882,161.65
3883,161.94
3884,161.92
3885,162.13
3886,162.11
3887,161.93
3888,161.76
3889,162.06
3890,161.94
3891,162.08
3892,162.21
3893,162.4
3894,162.21
3895,161.74
3896,161.16
3897,161.39
3898,160.59000000000003
3899,160.75
3900,160.91
3901,161.18
3902,161.1
3903,161.51
3904,161.55
3905,161.84
3906,162.03
3907,161.91
3908,162.05
3909,161.9
3910,162.0
3911,162.09
3912,161.89
3913,161.88
3914,161.81
3915,162.05
3916,161.96999999999997
3917,161.87
3918,161.61
3919,161.49
3920,161.18
3921,161.28
3922,161.72
3923,162.03
3924,161.98
3925,161.87
3926,161.93
3927,161.84
3928,161.86
3929,161.15
3930,161.08
3931,161.05
3932,161.46
3933,161.33
3934,161.35
3935,161.24999999999997
3936,161.31000000000003
3937,161.36
3938,161.32
3939,161.33
3940,161.36
3941,161.12
3942,161.12
3943,161.24999999999997
3944,160.79
3945,160.71
3946,160.03
3947,160.34
3948,159.97
3949,159.91999999999996
3950,160.01
3951,159.98000000000002
3952,159.44
3953,159.81
3954,160.12
3955,159.97
3956,159.93
3957,159.69
3958,159.58999999999997
3959,159.55
3960,159.45
3961,159.19
3962,159.03
3963,158.97999999999996
3964,159.09
3965,158.97999999999996
3966,158.82
3967,158.73
3968,158.8
3969,158.64
3970,161.15
3971,161.4
3972,161.68
3973,161.91
3974,161.85
3975,161.33
3976,161.11
3977,161.1
3978,161.44
3979,161.57
3980,161.475
3981,161.64
3982,161.56
3983,161.5
3984,161.57
3985,161.41
3986,161.42
3987,161.46
3988,161.37
3989,161.21
3990,160.97
3991,161.16
3992,161.42
3993,161.485
3994,161.45
3995,161.5
3996,161.46
3997,160.74
3998,160.82
3999,160.95
4000,160.95
4001,160.98
4002,161.11
4003,161.57
4004,161.13
4005,161.03
4006,160.93
4007,160.93
4008,161.26
4009,161.16
4010,161.67
4011,162.22
4012,163.34
4013,162.82
4014,162.89
4015,161.96
4016,160.78
4017,159.54
4018,159.84
4019,160.59
4020,160.55
4021,160.86
4022,159.21
4023,159.13
4024,159.25
4025,158.73
4026,158.13
4027,158.34
4028,158.88
4029,158.95
4030,158.55
4031,158.28
4032,159.05
4033,159.08
4034,159.23
4035,158.81
4036,158.94
4037,159.08
4038,158.96
4039,158.95
4040,159.195
4041,158.96
4042,159.01
4043,158.85
4044,158.97
4045,159.03
4046,159.12
4047,159.62
4048,158.88
4049,159.19
4050,159.15
4051,158.95
4052,158.95
4053,159.0
4054,159.21
4055,159.13
4056,158.93
4057,158.99
4058,158.67
4059,158.6
4060,158.65
4061,158.81
4062,158.69
4063,158.82
4064,158.86
4065,158.73
4066,158.86
4067,158.75
4068,158.76
4069,158.72
4070,158.52
4071,158.59
4072,158.28
4073,158.29
4074,158.76
4075,159.64
4076,160.01
4077,159.98
4078,160.41
4079,160.8
4080,160.42
4081,160.53
4082,160.47
4083,160.58
4084,160.61
4085,160.28
4086,160.08
4087,160.08
4088,159.88
4089,159.95
4090,159.8
4091,159.92
4092,160.02
4093,159.99
4094,160.0
4095,160.03
4096,160.11
4097,160.01
4098,160.0
4099,159.85
4100,159.96
4101,160.05
4102,159.59
4103,159.585
4104,159.46
4105,159.31
4106,159.52
4107,159.93
4108,159.91
4109,159.75
4110,159.82
4111,159.75
4112,159.69
4113,159.6
4114,159.42
4115,159.28
4116,159.36
4117,159.29
4118,159.17
4119,158.61
4120,158.03
4121,158.43
4122,158.3
4123,158.57
4124,158.98
4125,158.66
4126,158.7
4127,158.54
4128,159.13
4129,159.27
4130,159.31
4131,159.24
4132,158.91
4133,159.15
4134,159.18
4135,159.1
4136,159.49
4137,159.38
4138,159.25
4139,159.12
4140,159.13
4141,158.9
4142,159.13
4143,159.03
4144,158.91
4145,158.905
4146,159.05
4147,158.76
4148,158.83
4149,158.83
4150,158.74
4151,158.71
4152,157.34
4153,156.21
4154,156.45
4155,155.76
4156,155.35
4157,154.49
4158,154.37
4159,154.855
4160,155.15
4161,154.78
4162,155.17
4163,155.75
4164,155.86
4165,155.69
4166,155.63
4167,155.71
4168,155.83
4169,155.88
4170,155.94
4171,155.24
4172,155.36
4173,155.43
4174,155.43
4175,155.81
4176,155.65
4177,156.04
4178,154.25
4179,153.84
4180,153.59
4181,153.0
4182,153.15
4183,153.94
4184,154.0
4185,154.07
4186,154.07
4187,154.03
4188,154.1
4189,153.97
4190,153.73
4191,153.89
4192,154.2
4193,154.43
4194,154.37
4195,154.13
4196,154.315
4197,153.97
4198,153.87
4199,153.95
4200,153.64
4201,153.9
4202,153.65
4203,153.41
4204,151.79
4205,151.06
4206,151.55
4207,151.38
4208,151.14
4209,150.59
4210,150.815
4211,150.76
4212,150.93
4213,151.08
4214,151.005
4215,151.33
4216,151.61
4217,151.14
4218,151.07
4219,151.43
4220,151.36
4221,151.47
4222,151.43
4223,151.8
4224,151.68
4225,151.66
4226,151.6
4227,151.48
4228,151.79
4229,151.75
4230,150.67
4231,151.14
4232,151.49
4233,150.895
4234,150.43
4235,150.05
4236,150.32
4237,150.45
4238,150.04
4239,150.46
4240,150.32
4241,150.3
4242,150.54
4243,150.79
4244,150.74
4245,150.53
4246,150.81
4247,150.65
4248,150.61
4249,150.21
4250,150.145
4251,150.26
4252,150.12
4253,150.32
4254,150.275
4255,150.59
4256,152.48
4257,152.15
4258,152.77
4259,152.58
4260,152.95
4261,152.53
4262,151.97
4263,152.08
4264,152.34
4265,152.51
4266,152.45
4267,152.5
4268,152.33
4269,152.56
4270,153.26
4271,153.41
4272,153.63
4273,153.71
4274,153.68
4275,153.79
4276,153.49
4277,153.37
4278,153.52
4279,153.69
4280,153.32
4281,153.22
4282,154.48
4283,154.4
4284,154.05
4285,154.46
4286,154.45
4287,154.1
4288,154.11
4289,154.16
4290,154.04
4291,153.9
4292,153.81
4293,153.78
4294,153.94
4295,154.15
4296,154.01
4297,153.93
4298,154.08
4299,154.21
4300,154.51
4301,154.49
4302,154.35
4303,154.3
4304,154.56
4305,154.54
4306,154.48
4307,154.23
4308,153.755
4309,153.36
4310,152.98
4311,153.32
4312,153.1
4313,152.89
4314,152.93
4315,152.91
4316,152.99
4317,152.93
4318,152.95
4319,153.05
4320,153.095
4321,153.18
4322,153.07
4323,153.27
4324,153.33
4325,153.505
4326,153.43
4327,153.1
4328,153.05
4329,153.13
4330,153.07
4331,152.95
4332,153.07
4333,153.24
4334,153.03
4335,152.25
4336,152.46
4337,152.46
4338,152.93
4339,153.29
4340,153.42
4341,153.595
4342,153.37
4343,153.65
4344,153.64
4345,153.79
4346,153.88
4347,153.82
4348,153.71
4349,153.69
4350,153.78
4351,153.77
4352,153.67
4353,153.86
4354,153.74
4355,153.76
4356,153.61
4357,153.62
4358,153.68
4359,154.06
4360,153.77
4361,153.91
4362,153.54
4363,153.64
4364,153.71
4365,153.77
4366,153.84
4367,153.8
4368,153.37
4369,153.02
4370,152.81
4371,152.99
4372,153.05
4373,153.1
4374,153.27
4375,153.38
4376,153.43
4377,153.72
4378,153.86
4379,153.87
4380,153.78
4381,153.65
4382,153.66
4383,153.61
4384,153.73
4385,153.81
4386,154.48
4387,154.31
4388,154.1
4389,154.16
4390,154.26
4391,154.41
4392,154.6
4393,154.57
4394,154.57
4395,154.68
4396,154.96
4397,154.82
4398,154.73
4399,154.68
4400,154.59
4401,154.61
4402,154.66
4403,154.74
4404,154.92
4405,154.88
4406,154.76
4407,154.74
4408,154.69
4409,154.515
4410,154.57
4411,154.49
4412,153.29
4413,153.52
4414,153.31
4415,153.18
4416,152.85
4417,153.06
4418,153.32
4419,153.66
4420,153.59
4421,153.47
4422,153.63
4423,153.76
4424,153.59
4425,153.59
4426,153.51
4427,153.58
4428,153.32
4429,153.34
4430,153.25
4431,153.32
4432,153.3
4433,153.39
4434,153.35
4435,153.31
4436,153.39
4437,153.45
4438,155.02
4439,154.99
4440,155.24
4441,155.0
4442,154.86
4443,154.68
4444,154.71
4445,154.9
4446,154.96
4447,154.85
4448,155.05
4449,155.11
4450,155.09
4451,154.89
4452,154.85
4453,155.01
4454,154.94
4455,154.86
4456,154.85
4457,154.85
4458,155.07
4459,155.24
4460,155.27
4461,155.26
4462,155.36
4463,155.4
4464,154.91
4465,154.73
4466,154.99
4467,155.09
4468,154.91
4469,154.77
4470,154.94
4471,155.04
4472,154.83
4473,154.755
4474,154.78
4475,155.04
4476,155.09
4477,155.03
4478,155.22
4479,155.0
4480,155.08
4481,155.12
4482,155.17
4483,155.02
4484,155.03
4485,155.09
4486,155.09
4487,155.09
4488,155.13
4489,155.29
4490,155.79
4491,156.2
4492,156.41
4493,156.47
4494,156.2
4495,156.03
4496,155.85
4497,155.86
4498,156.05
4499,156.07
4500,156.0
4501,155.87
4502,155.89
4503,156.06
4504,156.06
4505,156.0
4506,156.04999999999998
4507,155.97
4508,155.95
4509,155.85
4510,155.92
4511,155.83
4512,155.71
4513,155.92
4514,155.81
4515,155.85
4516,156.25
4517,156.1
4518,155.71
4519,155.68
4520,155.79
4521,155.61
4522,155.72
4523,155.5
4524,155.56
4525,155.45
4526,155.4
4527,155.61
4528,155.91
4529,155.95999999999998
4530,156.09
4531,155.94
4532,156.02
4533,155.82
4534,155.75
4535,155.77
4536,155.85
4537,155.79
4538,155.83
4539,155.67
4540,155.74
4541,155.9
4542,156.0
4543,156.22
4544,156.87
4545,156.76000000000002
4546,156.66
4547,156.74
4548,156.79499999999996
4549,156.59999999999997
4550,156.58
4551,156.66999999999996
4552,156.59
4553,156.72
4554,156.76000000000002
4555,156.695
4556,156.79
4557,156.62
4558,156.5
4559,156.47
4560,156.58
4561,156.55
4562,156.48
4563,156.52
4564,156.55
4565,156.55
4566,156.50999999999996
4567,156.53000000000003
4568,156.73
4569,156.92000000000002
4570,156.78
4571,156.74
4572,156.69000000000003
4573,156.81
4574,156.91
4575,156.89
4576,156.91
4577,156.9
4578,157.08
4579,157.05
4580,156.91
4581,156.775
4582,156.82
4583,156.93
4584,156.81
4585,156.79
4586,156.71
4587,156.56
4588,156.53000000000003
4589,156.27999999999997
4590,156.38
4591,156.25
4592,156.1
4593,156.0
4594,156.65
4595,156.71
4596,156.88
4597,156.97
4598,156.91
4599,157.12
4600,157.05
4601,157.07
4602,157.0
4603,157.04
4604,156.97
4605,157.1
4606,156.82
4607,156.71
4608,156.79
4609,156.89
4610,156.975
4611,157.0
4612,157.22
4613,157.19
4614,157.16
4615,157.17
4616,156.94
4617,156.92000000000002
4618,156.88
4619,157.0
4620,158.79
4621,159.14
4622,159.46
4623,159.45
4624,159.525
4625,159.33
4626,159.05
4627,159.32
4628,159.36
4629,159.36
4630,159.15
4631,159.1
4632,159.4
4633,159.44
4634,159.44
4635,159.47
4636,159.38
4637,159.46
4638,159.6
4639,159.595
4640,159.55
4641,159.71
4642,159.84
4643,159.83
4644,159.995
4645,159.95
4646,159.48
4647,159.59000000000003
4648,159.62
4649,159.46
4650,159.63
4651,159.85
4652,160.58
4653,160.34
4654,160.14000000000001
4655,159.9
4656,160.01
4657,159.9
4658,159.84
4659,159.77
4660,159.96
4661,160.13
4662,160.24
4663,160.03
4664,160.29
4665,160.21
4666,160.25
4667,160.21
4668,160.14000000000001
4669,160.17
4670,160.47
4671,160.47
4672,160.01
4673,160.27
4674,160.29
4675,160.28
4676,160.22
4677,160.14000000000001
4678,160.11
4679,160.0
4680,160.07
4681,159.79
4682,159.95
4683,159.99
4684,160.23
4685,160.35
4686,160.28
4687,160.15
4688,160.26
4689,160.32
4690,160.33
4691,160.25
4692,160.18
4693,160.08
4694,160.01
4695,160.06
4696,159.78
4697,159.77
4698,156.42
4699,155.93
4700,155.7
4701,155.98
4702,155.83
4703,155.95
4704,155.73
4705,155.7
4706,155.72
4707,155.42
4708,155.79
4709,155.71
4710,155.46
4711,155.08
4712,155.28
4713,155.36
4714,155.77
4715,155.47
4716,155.43
4717,155.19
4718,155.54
4719,155.48000000000002
4720,155.7
4721,155.92
4722,155.56
4723,155.97
4724,156.88
4725,156.83
4726,157.32
4727,157.64999999999998
4728,157.27
4729,157.3
4730,157.1
4731,157.24
4732,157.37
4733,157.47
4734,157.26
4735,157.37
4736,157.32
4737,157.44
4738,157.45
4739,157.44
4740,157.3
4741,157.2
4742,157.13
4743,156.95
4744,156.78
4745,156.8
4746,156.8
4747,156.49
4748,156.295
4749,156.26
4750,156.815
4751,156.86
4752,156.27
4753,156.5
4754,156.32
4755,156.16
4756,156.32
4757,156.36
4758,156.24
4759,156.36
4760,157.03
4761,157.6
4762,157.53
4763,157.48999999999998
4764,157.32
4765,157.3
4766,157.1
4767,157.0
4768,156.84
4769,156.62
4770,156.66999999999996
4771,156.71
4772,156.5
4773,156.30000000000004
4774,156.21000000000004
4775,156.2
4776,156.46000000000004
4777,156.8
4778,157.205
4779,157.24
4780,157.32999999999998
4781,156.91
4782,156.97
4783,157.01000000000002
4784,157.14
4785,156.97
4786,156.92000000000002
4787,156.93
4788,157.01000000000002
4789,157.02
4790,156.98
4791,157.07
4792,157.22
4793,157.12
4794,157.06
4795,157.01000000000002
4796,157.01000000000002
4797,156.76000000000002
4798,156.68
4799,156.85000000000002
4800,156.905
4801,157.07
4802,157.06
4803,156.83
4804,157.07
4805,157.05
4806,156.76000000000002
4807,156.87
4808,156.02
4809,156.19
4810,156.27999999999997
4811,156.11999999999998
4812,156.02
4813,155.38
4814,155.92
4815,156.02
4816,156.14
4817,156.1
4818,156.27
4819,156.29
4820,156.32
4821,156.27
4822,155.98
4823,156.13
4824,156.33
4825,156.5
4826,156.33
4827,156.41
4828,157.71999999999997
4829,157.3
4830,156.85000000000002
4831,157.22
4832,157.44
4833,157.58000000000004
4834,157.6
4835,157.46
4836,157.46
4837,157.48999999999998
4838,157.64
4839,157.63
4840,157.39
4841,157.37
4842,157.39
4843,157.31
4844,157.3
4845,157.4
4846,157.5
4847,157.585
4848,157.69
4849,157.66
4850,157.63
4851,157.59
4852,157.61
4853,157.44
4854,159.34000000000003
4855,159.53
4856,160.16
4857,160.24
4858,160.58
4859,160.82
4860,160.96000000000004
4861,161.87
4862,161.9
4863,162.39
4864,162.42
4865,162.69
4866,162.51
4867,162.24000000000004
4868,162.26
4869,162.56000000000003
4870,162.78
4871,163.12
4872,163.42
4873,162.69
4874,162.78
4875,162.59
4876,162.83
4877,163.07
4878,162.96
4879,163.03
4880,165.62
4881,166.23
4882,166.77
4883,167.48
4884,167.39
4885,167.13000000000002
4886,166.31
4887,166.28
4888,166.53
4889,167.05
4890,166.2
4891,166.12
4892,166.57
4893,166.48999999999998
4894,166.64999999999998
4895,166.82
4896,166.58000000000004
4897,166.18
4898,166.62
4899,166.59
4900,166.61
4901,166.56
4902,166.53
4903,166.57
4904,166.68
4905,166.76
4906,167.65
4907,167.19999999999996
4908,167.85
4909,167.8
4910,168.01
4911,168.37
4912,168.88
4913,168.83
4914,168.84
4915,168.9
4916,168.85
4917,168.81
4918,168.96
4919,168.85
4920,168.7
4921,168.85
4922,168.93
4923,169.15
4924,169.29
4925,169.38
4926,169.01
4927,169.06
4928,169.26
4929,169.08
4930,169.115
4931,169.04
4932,169.15
4933,167.85
4934,166.75
4935,167.21
4936,166.79
4937,167.05
4938,167.44
4939,167.19
4940,166.71999999999997
4941,166.24
4942,166.84
4943,166.87999999999997
4944,166.64999999999998
4945,166.56
4946,165.78
4947,166.21
4948,166.3
4949,166.23
4950,166.62
4951,166.42
4952,166.605
4953,166.64999999999998
4954,166.83
4955,166.64
4956,166.79
4957,166.89
4958,166.06
4959,166.71999999999997
4960,165.96
4961,166.36
4962,166.67
4963,166.58000000000004
4964,166.4
4965,166.05
4966,165.87
4967,166.22
4968,166.2
4969,167.07
4970,167.37
4971,167.78
4972,167.67
4973,167.31
4974,167.88
4975,167.68
4976,168.05
4977,168.24999999999997
4978,168.34000000000003
4979,168.04
4980,168.1
4981,167.96
4982,168.17999999999998
4983,168.03
4984,171.84
4985,171.75
4986,171.66
4987,171.30999999999997
4988,172.14
4989,172.03
4990,172.24
4991,172.21
4992,172.57
4993,172.94
4994,173.06
4995,173.08
4996,172.79
4997,173.09
4998,173.4
4999,173.4
5000,173.63
5001,173.47
5002,172.71
5003,173.1
5004,172.79999999999998
5005,172.81
5006,172.69
5007,172.39000000000001
5008,172.70000000000002
5009,172.51
5010,172.57
5011,172.28000000000003
5012,173.07
5013,173.65
5014,173.88
5015,174.71
5016,174.36000000000004
5017,174.37
5018,174.52
5019,174.57
5020,174.775
5021,174.71
5022,174.57
5023,174.55
5024,174.54
5025,174.7
5026,174.67999999999998
5027,174.88
5028,174.96
5029,174.64
5030,174.69
5031,174.83
5032,174.77
5033,174.53
5034,174.69
5035,174.32
5036,174.76
5037,174.9
5038,174.73
5039,174.72
5040,174.82
5041,174.59
5042,174.85
5043,174.55
5044,174.72
5045,174.51
5046,174.39
5047,174.4
5048,174.59
5049,174.72
5050,174.9
5051,174.69
5052,174.54
5053,174.59
5054,174.31
5055,174.49
5056,174.59
5057,174.58
5058,174.57
5059,174.51
5060,174.77
5061,174.8
5062,174.87
5063,174.61
5064,175.05
5065,175.16
5066,175.08
5067,175.24
5068,175.48
5069,175.23
5070,175.445
5071,175.43
5072,175.55
5073,175.59
5074,175.45
5075,175.56
5076,175.63
5077,175.73
5078,175.6
5079,175.74
5080,175.74
5081,175.97
5082,175.9
5083,175.97
5084,176.1
5085,175.99
5086,175.95
5087,176.23
5088,175.20000000000002
5089,175.36
5090,175.91
5091,175.94
5092,175.44
5093,175.72000000000003
5094,175.44
5095,175.35
5096,175.20000000000002
5097,174.85
5098,174.34
5099,174.12
5100,173.93
5101,173.91
5102,174.1
5103,174.38
5104,174.65
5105,174.81
5106,175.05
5107,174.76
5108,174.98999999999998
5109,175.29
5110,175.42
5111,175.43
5112,175.68
5113,175.84
5114,174.93
5115,174.86
5116,174.76
5117,174.82
5118,174.84
5119,175.23
5120,175.19
5121,174.78999999999996
5122,174.94
5123,175.05
5124,174.98999999999998
5125,174.85
5126,174.94
5127,174.78999999999996
5128,174.95
5129,175.03
5130,174.85
5131,174.82
5132,175.05
5133,174.93
5134,174.98999999999998
5135,174.97
5136,174.84
5137,174.87
5138,174.82
5139,174.66
5140,173.8
5141,173.92
5142,174.28
5143,174.28
5144,173.88
5145,174.19
5146,174.27
5147,174.29
5148,174.23
5149,174.24
5150,174.17
5151,174.34
5152,174.37
5153,174.33
5154,174.27
5155,174.26000000000002
5156,174.26000000000002
5157,174.38
5158,174.34
5159,174.3
5160,174.23
5161,174.12
5162,174.23
5163,173.99
5164,173.73
5165,174.01
5166,172.99
5167,172.76
5168,172.54
5169,172.58
5170,173.06
5171,172.88
5172,173.13
5173,172.90999999999997
5174,172.79999999999998
5175,173.01000000000002
5176,172.82
5177,172.62
5178,172.66
5179,172.35
5180,172.06
5181,172.0
5182,171.93
5183,171.83
5184,171.9
5185,171.92
5186,171.98
5187,171.95
5188,171.91
5189,171.62
5190,171.22
5191,171.34999999999997
5192,168.99
5193,169.01
5194,169.57
5195,169.56
5196,170.04
5197,170.25
5198,169.7
5199,169.81
5200,169.82
5201,169.48
5202,169.4
5203,169.32
5204,169.55
5205,169.58
5206,169.25
5207,169.1
5208,169.28
5209,169.2
5210,169.04999999999998
5211,169.33
5212,169.37
5213,169.35
5214,169.45
5215,169.14
5216,168.93
5217,169.08
5218,170.40999999999997
5219,170.53
5220,170.79
5221,170.73
5222,170.99
5223,170.89
5224,171.03000000000003
5225,170.9
5226,171.08
5227,171.29
5228,171.39
5229,171.64
5230,171.525
5231,171.52
5232,171.67
5233,171.53
5234,171.49
5235,171.77
5236,171.69
5237,171.51
5238,171.52
5239,171.545
5240,171.51
5241,171.47
5242,171.57
5243,171.1
5244,170.25
5245,170.09000000000003
5246,170.37
5247,170.55
5248,171.12
5249,170.86
5250,170.51000000000002
5251,170.68
5252,170.775
5253,170.74
5254,170.71
5255,170.65
5256,170.67
5257,170.58
5258,170.5
5259,170.46
5260,170.51000000000002
5261,170.38
5262,170.12
5263,170.24
5264,170.33
5265,170.22
5266,170.07
5267,170.24
5268,169.81
5269,170.16
5270,170.43
5271,170.16
5272,170.20000000000002
5273,169.75
5274,169.97
5275,170.08
5276,169.92
5277,169.72
5278,169.615
5279,169.95
5280,169.87
5281,169.69
5282,169.84
5283,169.96
5284,170.02
5285,170.16
5286,170.0
5287,170.01
5288,170.03
5289,169.96
5290,169.98999999999998
5291,170.03
5292,169.96
5293,169.98
5294,169.88
5295,169.98999999999998
5296,172.3
5297,172.84
5298,173.185
5299,173.54
5300,173.28
5301,173.27
5302,173.37
5303,173.44
5304,173.57
5305,173.52
5306,173.5
5307,173.25
5308,173.27
5309,173.16
5310,173.06
5311,173.13
5312,173.12
5313,173.13
5314,172.87
5315,172.84
5316,172.93
5317,172.97
5318,172.87
5319,172.84
5320,173.21999999999997
5321,173.13
5322,173.26
5323,173.37
5324,173.93
5325,173.93
5326,174.32
5327,174.49
5328,174.94
5329,174.41
5330,174.03
5331,174.25
5332,174.35
5333,174.14
5334,174.35
5335,174.27
5336,174.07
5337,174.24
5338,174.2
5339,174.335
5340,174.22
5341,174.3
5342,174.57
5343,174.51
5344,174.6
5345,174.53
5346,174.82
5347,174.91
5348,175.23
5349,175.20000000000002
5350,174.98
5351,175.16
5352,175.08
5353,175.07
5354,175.22
5355,175.04
5356,175.29999999999998
5357,175.14499999999998
5358,175.16
5359,175.085
5360,174.98
5361,174.97
5362,174.97
5363,174.46
5364,174.61
5365,174.83
5366,174.63
5367,174.75
5368,174.52
5369,173.91
5370,173.62
5371,173.82
5372,174.07
5373,174.07
5374,174.27
5375,173.99
5376,174.08
5377,174.29
5378,174.39
5379,174.34
5380,174.4
5381,174.07
5382,174.12
5383,174.13
5384,174.27
5385,174.12
5386,174.06
5387,174.09
5388,174.085
5389,174.67999999999998
5390,173.89
5391,173.9
5392,173.89
5393,173.88
5394,173.28
5395,173.24
5396,172.94
5397,173.08
5398,172.97
5399,172.68
5400,173.05
5401,173.05
5402,172.88
5403,173.08
5404,172.92
5405,172.84
5406,172.48
5407,172.53
5408,172.75
5409,172.97
5410,172.82
5411,173.12
5412,172.88
5413,172.90999999999997
5414,173.06
5415,172.62
5416,171.8
5417,170.95
5418,169.93
5419,169.91
5420,168.8
5421,169.49
5422,169.11
5423,168.63999999999996
5424,167.37
5425,167.87
5426,168.43
5427,168.98
5428,168.63
5429,168.91
5430,169.34
5431,168.95000000000002
5432,168.47
5433,168.81
5434,168.7
5435,168.9
5436,168.9
5437,168.69
5438,169.09
5439,169.1
5440,169.49
5441,169.83
5442,170.03
5443,170.34
5444,170.76
5445,170.78
5446,170.43
5447,171.16
5448,170.84
5449,170.87
5450,170.95
5451,171.0
5452,171.26
5453,171.2
5454,171.28
5455,171.67
5456,171.84
5457,171.47
5458,171.8
5459,171.8
5460,171.83
5461,171.82
5462,171.73
5463,171.51
5464,171.69
5465,171.92
5466,171.71
5467,170.21
5468,170.18
5469,170.71
5470,171.46
5471,171.03000000000003
5472,170.96
5473,170.08
5474,169.4
5475,169.68
5476,169.85
5477,170.19
5478,169.95
5479,170.03
5480,170.24
5481,170.44
5482,170.5
5483,170.51000000000002
5484,170.46
5485,170.79
5486,170.99
5487,170.60999999999999
5488,170.55
5489,170.64
5490,170.79
5491,171.14000000000001
5492,171.0
5493,172.48999999999998
5494,171.63
5495,171.21
5496,171.77
5497,171.41
5498,170.53
5499,170.78
